Sobrenome, Nome
Abdalad, Rogerio
Abdalla, Eduardo Theophilo da Cunha
Abib, Osmar
Aboud, Homero de Carvalho
Abrahao, Dirceu
Abreu, Carlos Eduardo Borges de Salles
Abreu, Carlos Jorge de
Abreu, Fabio Viana de
Abreu, Vitor dos Santos
Abunahman, Samir Silva
Accioly, Ricardo de Melo e Silva
Acunzo, Antonio Carlos
Adamis, Vanderley Barreto
Aderaldo, Ricardo Costa
Affonso, Fernando Luiz
Affonso, Marcos Antonio
Afonso, Jose Alexandre
Agena, Eduardo Kenji
Aggio Sobrinho, Alcides
Agra, Caio Cassio Colaco
Aguiar Junior, Jose Clauver de
Aguiar, Livia Guse
Aires, Jose Ribeiro
Aires, Mariza Adelia Correa
Aiube, Fernando Antonio Lucena
Aizman, Luiz
Albagli, Andre Nudel
Albagli, Rafael Camel
Alban, Jose Antonio Garrido
Albernaz, Roberto de Souza
Albertao, Gilberto Athayde
Albuquerque, Carlos Frederico Alves de
Albuquerque, Flavio Cortinas
Alcantara, Eduardo Lucio Nahass de
Alegre, Lideniro
Alexandre, Malco Jesiel de Oliveira
Almeida Junior, Clovis de
Almeida Neto, Euclides
Almeida Netto, Sergio Luis de
Almeida, Alcino Resende de
Almeida, Aline Ribeiro de
Almeida, Andre Lucena de
Almeida, Carlos Augusto Manhaes de
Almeida, Jose Carlos Lima de
Almeida, Jose Renato Ferreira de
Almeida, Jose Ricardo Uchoa Cavalcanti
Almeida, Marcos do Amaral de
Almeida, Marlon Brando Bezerra de
Almeida, Mauricio de Aguiar
Almeida, Roberto Fogaca de
Alonso, Paulo Sergio Rodrigues
Alvarenga, Jose Geraldo
Alvares, Dellyo Ricardo dos Santos
Alves Neto, Salvador Jose
Alves, Andre Luiz Rocha
Alves, Anibal Cesar
Alves, Daisy Barbosa
Alves, Gustavo Henriques Reggiani
Alves, Ibere Nascentes
Alves, Luis Fernando do Couto
Alves, Maicon Melo
Alves, Marcelo Martins
Alves, Marcelo Vieira
Alves, Renato Gonzales
Amado, Luiz Carlos Nascimento
Amaral, Marcelo Jaccoud
Amaral, Sergio Pinto
Amaral, Thiago Paulo
Amaro, Joana Angelica de Azeredo
Amaro, Keila Correia
Ambrosio, Anna Amelia Paula Gomes de Oliveira
Amendola, Alexandre Ferreira
Amora Junior, Marcelo Ramalho
Amorim, Guilherme Antonio Sampaio de
Amorim, Jane Leao de
Amorim, Roberto da Silva
Amorim, Wander Nogueira de
Amparo, Ana Maria Teixeira
Anders, Sylvio Roberto
Andrade Junior, Paulo Hora de
Andrade Neto, Jose Lima de
Andrade, Andre Jose Neves
Andrade, Carlos Cesar Borromeu de
Andrade, Davilson Eduardo
Andrade, Deogenes Santos de
Andrade, Frida Issler de
Andrade, Gersen Martins de
Andrade, Glauco Barbosa de
Andrade, Helder de
Andrade, Joao Ladislau Pereira
Andrade, Marcos da Silva
Andrade, Paulo Jose Villani de
Andrade, Selma Fontes de Araujo
Anjos, Camila Wense Dias dos
Anjos, Sylvia Maria Couto dos
Antes, Fabiane Goldschmidt
Antunes Junior, Wilson
Antunes, Rogerio Loureiro
Anunciacao, Wellington Ramos de
Appi, Ciro Jorge
Appi, Valeria Tiriba
Aquino, Carlos Guilherme Silva de
Aquino, Marcio Henrique Oliveira de
Aquino, Mario Marcio Castrillon de
Aragao, Maria Alice Nascimento Fagundes de
Arai, Mitsuru (Geologo)
Aranha, Denise Veiga
Aranha, Marcos Tayguara dos Santos
Aranha, Paulo Roberto Antunes
Araujo Filho, Nelson Costa
Araujo, Alfredo Duarte de
Araujo, Claudia Oliveira de
Araujo, Fabio Arbex
Araujo, Flavio Santos Tojal de
Araujo, Jailson Goncalo de
Araujo, Jose Alberto de
Araujo, Laury Medeiros de
Araujo, Luiz Antonio Pereira de
Araujo, Luiz Carlos Freitas
Araujo, Maria Adelina Santos
Araujo, Paulo Fernando de
Araujo, Rafael Carvalho de
Araujo, Ricardo Lomba de
Araujo, Sergio Silva de
Arbues, Paulo Robson Santos
Arco Verde, Melquesedeque Melo
Arienti, Luci Maria
Arruda, Aloisio Nunes de
Arruda, Nilton Marlucio de
Arso, Luis Ramos
Arueira Junior, Lidinei
Aslan, Jan Fernandes
Asrilhant, Boris
Assine, Mario Luis
Assis, Osmar Carvalho
Assumpcao, Mario Sergio
Assuncao, Charles Lima Bessa
Awad, Samir Passos
Azevedo Junior, Marcelo Figueiredo de
Azevedo, Bethania Soares
Azevedo, Joao Bosco Gomes de Oliveira
Azevedo, Jose Paulo Soares de
Azevedo, Paulo Roberto de
Azevedo, Renato Pimenta de
Azevedo, Ricardo Latge Milward de
Azevedo, Roosevelt de
Bacellar, Francisco Raphael Ribeiro
Bacellar, Luiz de Almeida Prado
Bach, Joao Carlos
Backheuser, Yeda
Bagetto, Carlos Vinicius Noce
Bagnoli, Eduardo
Bahia, Alvaro de Sa
Baldissera, Paulo Roberto
Baldotto, Husdonil Altoe
Ballin, Paulo Roberto
Balocco, Marcos Luiz Carneiro
Baltieri, Greice
Bampi, Dirceu
Bandeira de Mello, Jorge Otavio
Bandeira Junior, Alfredo Nunes
Baptista, Renan Martins
Baptista, Walmar
Barao, Wedivan de Sousa
Barbon, Amarildo
Barbosa, Alicio Eduardo
Barbosa, Eduardo Macedo
Barbosa, Luis Guilherme
Barbosa, Luiz Alberto Andrade
Barbosa, Maria Silvia Carvalho
Barbosa, Paulo Cesar de Campos
Barbosa, Renato Araujo
Barbosa, Valeria Cristina Ferreira
Barreto Filho, Manuel de Almeida
Barretto, Cyro Rodrigues
Barriga, Mauricio Padilla
Barros, Alberto de Oliveira
Barros, Armando Paulo
Barros, Deivid Jonathan Souza
Barros, Luana Paula de Souza
Barros, Paulo Roberto de Abreu
Barros, Regina Maria Rodrigues
Barros, Vinicius Airao
Barroso, Alberto da Silva
Baruzzi, Jose Octavio do Amaral
Basilio, Leandro Pereira
Bassetto, Marcelo
Bassrei, Amin
Bastiani, Vinicius
Bastos, Jose Guilherme Ribeiro Rodrigues de
Bastos, Pedro Augusto Cortes Xavier
Batalha, Joao Marcio Silveira Thomaz
Batista, Gilberto Gomes
Batista, Lurimar Smera
Batista, Marcelo Henrique Goncalves
Baudel, Ana Claudia de Abreu
Becker, Andre Paulo
Becker, Carlos Roberto
Becker, Mauro Roberto
Bedregal, Ricardo Perez
Bender, Andre Adriano
Benjamin, Adilson Carvalho
Bento, Debora Ferreira
Bento, Fatima Menezes
Bentz, Cristina Maria
Beraldo, Valcir Tadeu
Bergamaschi, Marcio Antonio
Berry, Nara Guidacci
Bertani, Renato Tadeu
Bertelli, Juliana Navarro
Bertoloto, Rodrigo Ferreira
Betonico, Gustavo de Carvalho
Bettini, Claudio
Bezerra, Aury Candido
Bezerra, Brunno Santos Lossio
Bezerra, Leonardo de Oliveira
Bezerra, Marcela de Sa Marques
Bezerra, Ricardo Flores Hilgenberg
Bianco, Luis Carlos Baralho
Biassusi, Arnaldo Santos
Bittencourt, Roberto Carlos Pontes
Bizotto, Ana Carla
Blaskovski, Paulo Roberto
Blauth, Marcelo
Bloch, Mauro
Boa Hora, Marco Polo Pereira da
Bobsin, Marco Aurelio
Boechat, Joao Batista Teixeira
Bohrer, Edison
Boim, Jeferson Mello
Bolonhini, Edson Henrique
Bomfim, Carlos Henrique de Morais
Borba Filho, Luiz Gonzaga Miranda
Borges Filho, Alvaro de Miranda
Borges, Edilso Macedo Lopes
Borges, Francisco Augusto Tavares
Borges, Mario Jorge Alves
Borges, Wellington Roberto Evelim
Borsani, Angelo Joao
Botelho, Fabricio Vieira Cunha
Botelho, Marco Antonio Barsottelli
Braga, Alexandre de Pinto
Braga, Jorge Luis Ribeiro
Braga, Luiz Fernando Santana
Braganca, Ricardo Silva Nunes de
Branco, Celso Cesar Moreira
Branco, Valter Antonio Monteiro
Brandao, Jairo Rios
Brasil Junior, Jose Carlos
Brasil, Newton Paterman
Brito, Ademilson Fagundes de
Brito, Eduardo Eudes Farias de
Brito, Marcilio de Morais
Brito, Marco Antonio Pereira de
Brito, Nourival da Silva
Britto, Jose Ricardo Trancoso
Bruhn, Carlos Henrique Lima
Bruno, Geraldo Luis Gomes
Bruno, Luis Aurelio de Moraes
Bruxel, Guilherme
Bucci, Valmir Fonseca
Bucheb, Jose Alberto
Bueno, Aerenton Ferreira
Bueno, Gilmar Vital
Bueno, Sergio Ibaje Oliveira
Bueno, Vinicius Neves
Buk Junior, Leonidio
Buono, Andre Vicente de Anna
Buoro, Alvaro Bueno
Burigo, Stefano Damian
Caetano Filho, Elisio
Cainelli, Cesar
Caixeiro, Elcio
Caixeta, Jose Mauricio
Caldas, Flaviana Venturim
Caldas, Manuela Fernandes
Caldas, Maria Luiza
Caldas, Pedro Henrique Oliveira
Caldeira, Paulo Piratiny Abbot
Calmon, Ana Paula Santos
Camarao Junior, Luciano Formiga
Camargo, Jorge Marques de Toledo
Camaz, Fernando Ribeiro
Cambra, Sylvia Teresa Barbosa de Oliveira
Camerini, Claudio Soligo
Camoleze, Zilander
Campello, George Carneiro
Campelo, George Carneiro
Campos Junior, Isaac Goncalves
Campos Junior, Jorge
Campos, Carlos Vinicius Caldas
Campos, Eduardo Bertonha de
Campos, Mario Cesar Mello Massa de
Campos, Reinaldo Augusto Serfaty de
Campos, Ricardo Jorge de
Campos, Sthener Rodrigues Vieira
Campos, Tantalo Almeida de Oliveira
Campos, Thiago Maioli
Campos, Wellington
Campozana, Fernando Placido
Candel, Estevan Helio Panisello
Candido, Aladino
Candido, Sergio Fonseca
Cangussu, Lanamara Pinheiro
Caputo, Mario Vicente
Carbonell, Montserrat Motas
Cardoso, Fabio Monteiro
Cardoso, Jari Nobrega
Carlotto, Marco Antonio
Carminatti, Mario
Carmo, Ana Maria dos Santos
Carmo, Isabela de Oliveira
Carneiro, Elisa Vieira
Carneiro, Jorge Manoel Teixeira
Carneiro, Maria Eulalia Rocha
Carrasco, Benjamim Novais
Carron, Andre Leite
Carvalho Neto, Cicero Pereira de
Carvalho, Adriana Vidal Franca de
Carvalho, Alberto Lopes de
Carvalho, Antonio Carlos Sallares de Mattos
Carvalho, Braulio Ferreira de
Carvalho, Bruno Olimpio de Oliveira
Carvalho, Claudio Paula de
Carvalho, Marcos Vinicio Fialho de
Carvalho, Maria Dolores de
Carvalho, Paulo Marcos de
Carvalho, Paulo Moreira de
Carvalho, Paulo Roberto de
Carvalho, Rui Dias de
Carvalho, Sergio Pires de
Casavechia, Luiz Carlos
Caseli, Umberto Antonio
Castellani, Ricardo Tarabini
Castello Branco, Mario Augusto Dornelles
Castier, Beatriz
Castilho, Adhemar
Castro Junior, Augusto Canellas Monteiro de
Castro Neto, Alberto Correa e
Castro, Adriane Campos Monteiro de
Castro, Alexandre Santos de
Castro, Aline Machado de
Castro, Alvaro Henrique Arouca de
Castro, Avidio Napoleon Mello e
Castro, Bruno Barbosa
Castro, David Lopes de
Castro, Dayse Daltro de
Castro, Guilherme Teixeira
Castro, Gustavo Adolfo Villela de
Castro, Herval Pereira de
Castro, Joel Carneiro de
Castro, Jonas Queiroz de
Castro, Jose Francisco Tebaldi de
Castro, Paulo de Tarso Amorim
Castro, Rafael Santos
Catonho, Humberto Sampaio
Cattini, Guilherme Porta
Catto, Antonio Jose
Cavaco, Paulo Cesar Cardoso
Cavalcante Filho, Jose Sergio de Araujo
Cavalcanti, Maria Alice Ferreira Deschamps
Cavalieri, Luiz Valerio Pedrosa
Cavanha Filho, Armando Oscar
Cavati, Ricardo de Souza
Cazarin, Caroline Lessio
Cesar, Claudius Paulino
Cesario, Bianca Bezerra
Cezar, Claudia Marcia Soares
Chaba, Ajay
Chagas, Anivaldo Tadeu Roston
Chagas, Eraldy Kennedy de Sousa
Chagas, Luciano Seixas
Chambriard, Magda Maria de Regina
Chan, Ana
Chang, Hung Kiang
Chaves, Joana Flor Neves
Chaves, Lilian Doris
Chaves, Paulo Nunez
Chaves, Roberto Dittz
Chiappori, Dino Vannucci
Chiaro, Sandra Shirley Ximeno
Chimelli, Mauricio Abi Ramia
Chiossi, Dario Souza Nilo
Choi, Kwon Il
Choueri Junior, Nelson
Chrispim, Pedro Henrique Salgado
Cid, Jose de Albuquerque
Cidade, Jose Carlos Coelho
Coelho Filho, Roberto Ferreira
Coelho, Dimas Ferreira da Silva
Coelho, Guilherme Jorge
Coelho, Julio Cesar Carvalho
Coelho, Paulo Sergio Decnop
Coelho, Raphael Moura Lopes
Coelho, Sergio Ricardo Cunha
Compan, Andre Luiz Martins
Concha, Francisco Jose Martinez
Conde, Cristiane Formosinho
Conde, Dione Palomino
Conde, Mauro Pinheiro
Corazza, Eduardo Antonio
Cordeiro, Felipe Fernandes
Cordoba, Valeria Centurion
Correa, Andre Ferreira
Correa, Antonio Claudio de Franca
Correa, Danilo Alves
Correa, Eduardo Coelho
Correa, Jose Augusto Martins
Correa, Luis Mauricio Salgado Alves
Correa, Marcelo Leal
Correa, Romulo Jose Valenca
Correa, Silvia Regina
Correia, Abaete de Barros
Correia, Abaete de Barros co-autor
Correia, Anderson Pinheiro
Correia, Eduardo Luiz
Cortes, Claudio Pereira
Cortez, Karine Alves
Cortez, Marcella Maria de Mello
Costa Filho, Fernando Homem da
Costa Neto, Felicio Pedro da
Costa, Alexandre de Figueiredo
Costa, Alvaro Maia da
Costa, Amaury Leonardo
Costa, Ana Paula de Araujo
Costa, Antonio Roberto Almeida
Costa, Antonio Rufino da
Costa, Carlos Alberto da
Costa, Cyntia Goncalves da
Costa, Denize Santos
Costa, Emanuel Fonseca
Costa, Emanuel Fonseca da
Costa, Felipe Garcia Domingues da
Costa, Fernando Lourenco Pinho
Costa, George Alberto Avelar
Costa, Ivan Souza
Costa, Jeferson de Souza
Costa, Jorge Faria
Costa, Jose Eduardo Ferreira
Costa, Karen Badaraco
Costa, Luciano Arantes Rezende
Costa, Luiz Antonio Gomes
Costa, Marcelo Rodrigues Sousa de Brito
Costa, Marco Antonio D'Alessandro
Costa, Maria das Gracas Feitosa da
Costa, Maria Francisca Teresa de Jesus Freitas
Costa, Patricia Rose de Carvalho
Costa, Tiago Almeida
Costamilan, Luiz Carlos Lemos
Costanza, Guilherme
Cotrim, Henrique Araujo
Couri, Francisco Roberto
Coutinho, Emilio Jose Rocha
Coutinho, Marcio Roque
Coutinho, Vladimir Martins
Couto, Luiz Evanio Dias
Couto, Nuno Andre Pomar
Craidy, Pedro da Silva
Cravo, Margareth Carvalho Coutinho
Cremonini, Oscar Antonio
Cruz, Dario Abilio
Cruz, Francisco Eduardo Gomes da
Cruz, Joao Carlos Ribeiro
Cruz, Liliane Rabelo
Cruz, Paulo Sergio da
Cruz, Rafael Oscar de Moraes
Cruz, Wagner Maia
Cunha Filho, Carlos Alves da
Cunha, Armando Antonio Scarparo
Cunha, Carlos Alessandre Assis da
Cunha, Claudio Jose Grando da
Cunha, Dilermando Tell
Cunha, Fernando Jose
Cunha, Fernando Reis da
Cunha, Francisco Mota Bezerra da
Cunha, Jose Carlos de Souza
Cunha, Marcio Magalhaes
Cunha, Patricia Suemar Mello Duarte da
Cunha, Paulo Eduardo Miranda
Cunha, Paulo Roberto da Cruz
Cunha, Roberto Carlos Rebelo da
Cunha, Sergio Barros
Cupertino, Jose Antonio
Cutrim, Alteredo Oliveira
Dacol, Maria Elizabeth
Daher, Jose Sergio
D'Almeida, Albino Lopes
D'Almeida, Arnaldo Rodrigues
Daltro-Santos, Paulo Ribeiro
Danderfer Filho, Andre
Dantas, Mario Antonio Ribeiro
Dauzacker, Erich Radeke
Dauzacker, Modesto Victor
David, Maria do Carmo
D'Avila, Roberto Salvador Francisco
De Ros, Luiz Fernando
Deierl, Hubert Georg
Delai, Marlon Santos
Della Giustina, Ivan Daniel
Dellamea, Giovani Schiffini
Demercian, Luis Santiago
Demori, Marcio Bastos
Denicol, Paulo Sergio
Deodoro, Benedito de Assis
Destro, Nivaldo
Di Giorgi, Plinio
Dias, Ana Cristina Cardozo
Dias, Janice Helena de Oliveira
Dias, Jeferson Luiz
Dias, Joao Roberto Nunes
Dias, Julio Cesar Magalhaes
Dias, Marcio Carlos Ferreira
Dias, Marco Antonio Guimaraes
Dias, Regina Lucia Melo
Dias-Brito, Dimas
Diniz, Mirian Nobile
Dittz, Carlos Henrique Silva
Divan Junior, Armando Molina
Dolinsky, Mauro Cresta de Barros
Domingues, Marcos
Donato, Guilherme Victor Peixoto
Doria, Maria Assuncao Fontenele Soares
D'Ornellas, Claudia Veronica
Dourado, Lucas Ferraz
Duarte, Dilson Augusto Lopes
Duarte, Edward Thomas Fleury Mendonca
Duarte, Nei Santos
Duarte, Ricardo Luiz Bogado
Dumans, Carlos Fernando Fontenelle
Duque, Ricardo Henriques Macedo
Duraes, Edson Machado
Dusse, Carlos Antonio
Dutra Junior, Tarcilio Viana
Eckstein, Carlos Bruno
Ehlers, Marcelo Claudio
Eichin, Ana Cristina Novaes
Eidelwein, Eduardo
Einsfeldt, Monica
El Warrak, Aziz Khazzah
Elias, Andreia Regina Dias
Elias, Mauricio Vieira
Enik, Fabio Ricardo
Erthal, Leandro
Esperanca, Maria de Lourdes Themistocles
Estellita, Marcelo Maranhao
Estevam, Valdir
Esteves, Alan da Silva
Estrada, Jose Alexandre Ferreira Duque
Estrada, Najla Maroun
Euphemio, Mauro Luiz Lopes
Euthymiou, Euthymios Jose
Evaristo, Joao Roberto Bonatto
Fadel, Andre Luiz da Fonseca
Fagundes Netto, Jose Roberto co-autor
Fajersztajn, Claudia
Falcao, Jose Luiz
Falcone, Celia Maria Oliveira
Falkenhein, Frank Ulrich Helmut
Fanha, Ana Beatriz
Faria, Desiree Liechoscki de Paula
Faria, Eduardo Lopes de
Faria, Fatima Regina Dutra
Faria, Lamartini Martins de
Faria, Mauricio Marques de
Faria, Rogerio Costa
Farias, Armando Lopes
Farias, Edvaldo Antunes de
Farias, Felipe Alves
Farias, Francisco Mourao
Farias, Manoel Leopoldino Rocha de
Farias, Paulo Roberto Cordeiro de
Faro Junior, Arnaldo da Costa
Feijo, Flavio Juarez -
Feitosa, Gilvan Soares
Felberg, Eduardo
Feletto, Fabio Pereira
Felicio, Marcelo
Felippio, Camila Kuschick
Fernandes Junior, Wilaci Eutropio
Fernandes, Flavio Luis
Fernandes, Marcelo Cortes
Fernandes, Paulo Dore
Fernandes, Rodrigo Costa
Ferrari Junior, Jose Alfredo
Ferraz, Marcos Fernando Ribeiro
Ferreira Junior, Alfredo Paes
Ferreira, Alexandre de Andrade
Ferreira, Andre Luis Mynssen
Ferreira, Armando de Almeida
Ferreira, Cleber Goncalves
Ferreira, Elizabete Pedrao
Ferreira, Erivaldo Matias
Ferreira, Francisco Jose Fonseca
Ferreira, James Vitor
Ferreira, Luiz Eraldo Araujo
Ferreira, Marcio Antonio Campos
Ferreira, Marcos Donato Auler da Silva
Ferreira, Marcos Nogueira
Ferreira, Miguel Luiz Ribeiro
Ferreira, Pedro Altoe
Ferreira, Vicente Antonio de Castro
Fialho, Jorge Luiz de Arruda
Fiates, Fabio
Figueira, Marcos Sergio
Figueiras, Alexandre Jose Martins
Figueiredo, Antonio Manuel Ferreira de
Figueiredo, Cecilia Maria Coelho de
Figueiredo, Edmar Diniz de
Figueiredo, Jorge de Jesus Picanco de
Figueiredo, Marco Antonio Gaya de
Figueiredo, Mateus Oliveira de
Figueiredo, Mauricio Werneck de
Figueiredo, Miriam Beatriz Collares
Figueiro, Wilson Mouzer
Figueredo, Milene Freitas
Filardi, Marcia Cristina Lohmann
Filardo, Juarez Guaraci
Filoco, Paulo Roberto
Fiorini, Joao Paulo
Fleming, Felipe Pereira
Flores, Mario Cesar Xavier
Fofano, Socrates
Fonseca, Carlos Eduardo da
Fonseca, Carlos Fernando Humbert
Fonseca, Celio Ferreira da
Fonseca, Elizabeth Ferreira da
Fonseca, Felipe Augusto de Souza
Fonseca, Lucia Teresa Schalcher da
Fonseca, Luciano Emidio Neves da
Fonseca, Marcelo de Oliveira
Fonseca, Marco Antonio
Fonseca, Osvaldo Luiz Queiroga da
Fonseca, Renato Cesar Salgado da
Fonseca, Teresa Cristina Oliveira da
Fontana, Rogerio Luiz
Fontanelli, Paola de Rossi
Fontaneta, Gabriella Talamo
Fontenele, Luiz Fernando Almeida
Fontes, Anita Eleonora Ferreira
Fontes, Luiz Carlos Almeida de Andrade
Fontes, Rosane Alves
Formosinho, Walter Pereira
Fortes, Fernando Parentes
Franca, Almerio Barros
Franca, Rosilene Lamounier
Franciss, Ricardo
Francolin, Joao Batista de Lellis
Frank, Maria Helena Troise
Franke, Milton Romeu
Franz, Enio Paulo
Freire, Alcir Rosa
Freire, Antonio Fernando Menezes
Freire, Raimundo Mesquita de Luna
Freire, Ronaldo Lucas Alkmin
Freire, Sergio Luciano Moura
Freires, Laercio do Prado
Freitas, Alexandre Mussumeci Valim de
Freitas, Elton Siqueira de
Freitas, Flavio Gustavo Ribeiro
Freitas, Joao Trindade Rodrigues de
Freitas, Joase Souza de
Freitas, Luiz Carlos Soares de
Freitas, Marcia Springer de
Freitas, Matheus de Lima
Freitas, Ricardo Dantas Gadelha de
Freitas, Rodrigo Waldemar de
Freitas, Sergio Murilo Santos
Freixo, Cristiano Silveira
Friedrich, Anelise
Frota, Elisdiney Sefora Tucci da
Frota, Helder Mamede
Furini Filho, Roberto
Furlan, Luis Tadeu
Gabardo, Irene Terezinha
Gabbay, Max Simon
Gabrielli, Milton Luiz
Gallotta, Fabiana Dias Costa
Galvao, Alcedo Pinheiro
Galvao, Marcos Vallerio Goncalves
Gama, Winston Carneiro e
Gamboa, Luiz Antonio Pierantoni
Ganda, Wenderson Luiz
Garcia, Gustavo
Garcia, Savio Francis de Melo
Gauw, Daniel Siqueira de
Gelio, Andre Baptista
Genario Junior, Affonso de
Georg, Marco Antonio de Figueiredo
Geraldelli, Washington de Oliveira
Geraldo, Lucia Maria Limoeiro
Giffoni, Daniel Araujo
Gil, Joao Alexandre
Gindri, Francisco Felin
Giraldi, Daniel Pastrelo
Girao, Joaquim Helder Saraiva
Godoy, Rogerio Carvalho de
Gomes Neto, Bruno Jacob
Gomes, Alberto Pecanha
Gomes, Alvaro Lucio de Oliveira
Gomes, Ana Lucia Villela
Gomes, Antonio Cesar de Araujo
Gomes, Arnaldo Lopez Pereira
Gomes, Carlos Alberto Siqueira
Gomes, Daniel Telhado
Gomes, Diogo da Silva Magalhaes
Gomes, Frederico Aguiar Ferreira
Gomes, Hamilton Pimentel
Gomes, Jefferson Roberto
Gomes, Jose Adilson Tenorio
Gomes, Luiz Germano
Gomes, Marcelo Rosa Renno
Gomes, Mauro Vitor da Silva
Gomes, Paulo Otavio
Gomes, Ricardo Manhaes Ribeiro
Gomez, Jose Manoel Antelo
Goncalves Junior, Orlando Costa
Goncalves, Carlos Augusto
Goncalves, Fabricio Dias
Goncalves, Felix Thadeu Teixeira
Goncalves, Fernando Maida
Goncalves, Gustavo Mano
Goncalves, Marcos Eduardo Lopes
Gontijo, Guilherme Assuncao
Gontijo, Julio Eustaquio
Gontijo, Rogerio Cardoso
Gonzaga, Flavio Giotto
Goulart, Marina Barroso
Gouvea, Maira Teixeira
Gouveia, Lucas Pereira de
Gouveia, Veronica Andrea Lima
Grassi, Alexandre de Azevedo
Greca, Aislan Ribeiro
Guasti, Jacira Maria Gimenez
Guedes, Sergio Luiz Teixeira
Guedes, Solange da Silva
Gueiros, Evaldo de Andrade Coelho
Guerios, Bruno Juliano
Guerra, Carlos Eduardo
Guerra, Christiano Daniel Wetzel
Guerra, Marta Cardoso de Melo
Guerreiro, Sonia Dias Cavalcanti
Guimaraes, Andrea Dantas
Guimaraes, Herbert Luiz de Araujo
Guimaraes, Marcos Antonio Gallotti
Guimaraes, Marcus Moretzsohn
Guimaraes, Paulo de Tarso Martins
Guimaraes, Pedro Penido Duarte
Guirro, Antonio Celso
Guzzo, Jarbas Vicente Poley
Haddad, Michel Oliveira
Haefeli, Adriana Paula Braz de Melo
Haguenauer, Denise Faertes
Hallak, Beatriz Resende
Hamacher, Paulo Fernando
Hamacher, Silvio
Hamsi Junior, Gilvan Pio
Hashimoto, Armando Teruo
Hassui, Luiz Hissashi
Hastenreiter Filho, Horacio Nelson
Hayashi, Suzana Hisako Deguchi
Henriques, Carlos Cunha Dias
Henriques, Paulo Cesar Francisco
Herdeiro, Marco Antonio Nogueira
Hijjar, Jorge Roberto Abrahao
Hippertt, Giuliano Orlando
Hora, Eduardo Cordeiro da
Hutchinson, Thomas William
Iachan, Ricardo
Iamashita, Edson Kenji
Ida, Mauro
Idagawa, Luiz Seiitiro
Igreja, Haroldo Jose Siqueira de
Inacio, Cleber Onofre
Isidro, Igor Ferreira
Ito, Adriana Soares
Izeli, Maira Gabriela Borges
Izetti, Ronaldo Goncalves
Jacinto, Carlos Magno Couto
Jacob, Breno Pinheiro
Jahnert, Ricardo Jorge
Jardim, Celso Moura
Jesus, Abimael Ribeiro de
Joao, Leonardo Vilain
Joaquim, Ligia Guedes
Jochimek, Mirian Rosenthal
Johann, Paulo Roberto Schroeder
Jorge, Nilo de Moura
Josue, Alexandre Fernandes
Juca, Elpidio Jose Cardoso de Albuquerque
Justiniano, Luiz Renato de Souza
Kaizer, Marcelino Diomar
Kamergorodski, Bernardo Carlos
Katekawa, Marcel Eiki
Kato, Edson Tsuneo
Kattah, Senira da Silva
Keller Filho, Odilon
Ketzer, Joao Marcelo Medina
Kiewiet, Melissa Cristina Duque Noqueira
Kinzel, Jeferson Martins
Kolisnyk, Alexandre
Konortoff, Carlos Adrian
Koutsoukos, Eduardo Apostolos Machado
Krahl, Ile Maria
Krug, Sergio Ricardo
Kuboski, Claudio Leandro Merico
Kurt, Jurg Peter
Lacerda, Josue Alves de
Lage, Antonio Carlos Vieira Martins
Lagoeiro, Leonardo Evangelista
Laier, Frederico Pereira
Lambrecht, Rafael
Lamosa Filho, Mario
Lana, Cecilia Cunha
Lana, Marcos da Cunha
Landa, Henrique Gerken de
Lanzarini, Wilson Luiz
Lara, Anelise Quintao co-autor
Laranjeira, Alberto Antonio dos Santos
Largura Junior, Luiz Carlos
Lazarini, Wilson Luiz
Leal, Claudio Antonio
Leitao Junior, Helio Caetano Frota
Leite Netto, Jose B. Menezes
Leite, Andre Jacques de Paiva
Leite, Antonio Marcos dos Santos
Leite, Leni Figueiredo Mathias
Leite, Lourenildo Williame Barbosa
Leite, Luis Alberto Melchiades
Leite, Marco Antonio Haikal
Leite, Mariangela Garcia Praca
Leite, Mauro de Moura
Leite, Rose Mery dos Santos Costa
Leitzke, Walter
Lemos, Carlos Alberto Duarte de
Lemos, Nicio Augusto
Lemos, Walter Petrone
Lessa, Ana Elvira Pereira
Levy, Luiz Augusto Petrus
Leyen, Bianca de Castro
Lima Filho, Teodorico Veras
Lima, Adriano de Pinho
Lima, Almir Braganca
Lima, Anie Daniela Medeiros
Lima, Bruno Eustaquio Moreira
Lima, Claudio Coelho de
Lima, Daniel Leite
Lima, Edson Silveira
Lima, Everton Nogueira
Lima, Fabio Monteiro
Lima, Gilberto Rodrigues de
Lima, Henrique Arroxelas Galvao de
Lima, Humberto Pampolha
Lima, Ivan Noville Rocha Correa
Lima, Jose Antonio Moreira
Lima, Kledson Tomaso Pereira de
Lima, Luiz Alberto Barbosa de
Lima, Luiz Cavalcante de
Lima, Luiz Mauricio Silva de
Lima, Marcelo Lopes de
Lima, Mauricio Olivieri de
Lima, Paulo Cesar Ribeiro
Lino, Ulysses de Ribeiro Augusto
Lins Junior, Abel Gomes
Lira, Erick da Costa
Lira, Franklin de Souza
Lira, Jose Fabio Menezes
Lisboa, Antonio Carlos Luz
Lobato, Cesar Augusto
Lobo, Janaina Teixeira
Lock, Marcelo Antonio de Paula
Lodi, Carlos Felipe Guimaraes
Logrado, Joao Carlos Guedes
Lomba, Rosana Fatima Teixeira
Lombello Neto, Amador
Longhim, Marcia Emilia
Lopes Junior, Rubens Peres
Lopes, Clovis Antonio
Lopes, Damiana Claudia Nunes
Lopes, Divonsir
Lopes, Flavio Baruzzi
Lopes, Leila
Lopes, Maria Chirley Cerqueira
Lopes, Nicolas Castro
Lopes, Paulo Edson
Lopes, Volney Soares
Lopez, Ivo Fernandez
Loschiavo, Roberto
Loureiro Junior, Walter Carrara
Loureiro, Luciana Neves
Loureiro, Simone Porto
Lourenco, Fernanda Silva
Lourenco, Jorge Tadeu Vieira
Loures, Luiz Geraldo do Carmo Lucchesi
Lucas, Wellington Gomes
Lucchesi, Rodrigo Dambros
Luiz, Aurelio Moreira
Luvizotto, Jose Marcelo
Lykawka, Ricardo
Macedo, Ivanildo Izaias de
Macedo, Jose Carlos Duarte
Macedo, Juliano Magalhaes
Macedo, Roberto Alfradique Vieira de
Macedo, Tonia Marta Barbosa
Macedo, Ueldo da Silva
Machado Junior, Evaldo
Machado, Ana Paula
Machado, Andre Luiz de Castro
Machado, Fernando Antonio
Machado, Guilherme Bastos
Machado, Luciano Luiz
Machado, Luis Claudio Ribeiro
Machado, Marco Antonio Pinheiro
Machado, Marcos de Carvalho
Machado, Marcos Vitor Barbosa
Machado, Ney Tadeu Araujo
Machado, Ricardo Tavora Heitmann
Machado, Sidney Curty
Machado, Silvio Jose Vieira
Machado, Vinicius de Franca
Maciel, Vitor Giordani
Magalhaes Junior, Linton Vieira de
Magalhaes, Aldo de Brito
Magalhaes, Antonio Jorge Campos
Magalhaes, Celso Carvalho
Magalhaes, Claudia Goncalves de
Magalhaes, Lincoln
Magalhaes, Mara Regina da Costa
Magalhaes, Marcia Santos de Almeida
Magalhaes, Pierre Muzzi
Magnavita, Luciano Portugal
Maia Junior, Marcio Domingues
Maia, Antonio Carlos Pereira
Maia, Decio Bourrus Magioli
Maia, Frederico de Azevedo
Maia, Nora de Castro
Maldonado, Gilberto Puig
Malheiros, Hugo Antonio do Amaral
Mancu, Raymundo Jorge de Sousa
Mannarino, Remo
Marchioni, Andre Carlos
Marcon, Nickolas
Marcondes, Paulo Eduardo Pasquini
Marins, Carlos Cesar Silva
Marins, Edson Romano
Marins, Luiz Philipe Martinez
Maroun, Paulo
Marques, Alberto Moraes
Marques, Edmundo Julio Jung
Marques, Edvaldo de Jesus
Marques, Jose Kanan
Marques, Luiz Carlos do Carmo
Marques, Maria do Socorro Pereira
Marques, Mauricio Nunes
Marques, Patricia Daiane
Martignoni, Waldir Pedro
Martins Neto, Hamilton de Oliveira
Martins, Andre Leibsohn
Martins, Claudio Magno
Martins, Daniel Barbosa
Martins, Fabiana Dias Fonseca
Martins, Francisco de Assis Lima
Martins, Gilberto Aparecido Ribeiro
Martins, Jason Alves
Martins, Jorge Leonardo
Martins, Luiz Marcelo Ribeiro
Martins, Mariela
Martins, Pedro
Martins, Ricardo Rodrigues
Martins, Ruth Leibsohn
Martins, Sidnei de Souza
Masculo, Miguel Soares
Masetti, Isaias Quaresma
Mashiba, Marcos Hideo da Silva
Massena, Elton de Jesus
Massucatto, Armando Jose
Mata, Wilson da
Mataveli, Rosilene
Mato, Luiz Ferradans
Matos Neto, Joao Brasil de
Matos, Arlindo de
Matos, Pedro Paulo Lopes de
Matoso, Gustavo de Souza
Matsuda, Nilo Siguehiko
Matte, Roberto Ronald
Mattos, Aldo Dorea
Mattos, Ana Beatriz Teixeira de
Mattos, Leandro Generoso de
Mattos, Maria Jose dos Santos
Mattos, Ricardo Pereira de
Maul, Alexandre Rodrigo
Mazin, Ana Paula Rios
Mazzitelli, Suzana Maria de Azevedo Martins
Mazzocato, Victor
Mazzuco, Carlos Maximiliano Leao
Medeiros Junior, Flavio
Medeiros, Carlos Eduardo Amosso
Medeiros, Cezar Manoel de
Medeiros, Edson Gois de
Medeiros, Francisco de Assis
Medeiros, Luiz Gonzaga de
Medeiros, Marcio Andre Pacheco de
Medeiros, Walter Eugenio de
Meira, Gedson
Meira, Mateus Goes Castro
Meireles, Jose Antonio de Sousa
Meirelles, Carmen Lucia de Almeida
Mello, Carlos Siqueira Bandeira de
Mello, Claudio Limeira
Mello, Marcio Rocha
Mello, Marcos Aiub de
Mello, Paola de Azevedo
Mello, Renata Moura de
Mello, Selma Cunha
Mello, Tulio Lopes
Mello, Ulisses Thibes de
Melo, Clarissa Lovato
Melo, Eduardo Gusmao de
Melo, Elizabeth Regina Torres Felipe de
Melo, Joaquim Gabriel Chaves de
Melo, Jose Henrique Goncalves de
Melo, Marcel Vasconcelos
Melo, Marcelo Pereira
Melo, Maria Aparecida de
Melo, Tadeu Cavalcante Cordeiro de
Mendes, Fabio Leal
Mendes, George Luis Dias
Mendes, Jose Milton Cronemberger
Mendes, Luiz Carlos Cronemberger
Mendes, Marcos Pimentel
Mendes, Mauro Roberto da Costa
Mendes, Pedro Luiz Ferreira
Mendonca, Carlos Alberto
Mendonca, Jorge Magalhaes de
Mendonca, Marcia Borges de
Mendonca, Maurilio Freitas
Mendonca, Ricardo Barros de
Meneses, Marcelo Durval Sousa de
Menezes, Carlos Wightman Soares de
Menezes, Fabio Gouveia Telles de
Menezes, Gerson Luis Moraes
Menezes, Jorge Rui Correa de
Menezes, Leonardo
Menezes, Luiz de Siqueira
Menezes, Marcy Saturno de
Menezes, Paulo de Tarso Luiz
Menezes, Paulo Sergio Ferreira
Menezes, Roger Duarte Bezerra de
Menezes, Sonia Maria Cabral de
Meniconi, Maria de Fatima Guadalupe
Menossi, Osvaldo Sergio
Merigue, Paula Caroline Freschi
Mesquita, Alita Carmelia Ferreira
Mesquita, Gustavo Henrique da Silva
Mezomo, Luiz Carlos
Mezzomo, Eduardo
Mihaguti, Eliza Hitomi Fukushigue
Mihaguti, Mauro Koji
Milani Junior, Angelo
Milani, Edison Jose
Minami, Kazuioshi
Miranda Filho, Daniel Nunes de
Miranda, Aloisio Pellon de
Miranda, Cristiane Richard de
Miranda, Fabricio DAzevedo Alves de
Miranda, Fernando Pellon de
Miranda, Filipe Costa Pinto dos Reis
Mitkiewicz, Monica Coelho
Miura, Kazuo
Mizusaki, Ana Maria Pimentel
Mizutani, Eduardo Edison
Mohriak, Webster Ueipass
Moises, Gustavo Vinicius Lourenco
Molle Junior, Luiz
Monnerat, Luiz Rodolpho Rocha
Monte, Adriana Doyle Maia de Oliveira
Monteiro, Maria Ines Couto
Monteiro, Newton Reis
Montenegro Filho, Mario Jorge Franca
Montenegro, Jose Flavio Bezerra
Montes, Paulo Marcelo de Figueiredo
Montesanti, Jose Ricardo de Toledo
Monti, Carlo Bruzaferro
Moraes Junior, Jose Jorge de
Moraes, Anderson
Moraes, Carlos Alberto Capela
Moraes, Fernando Sergio de
Moraes, Flavio Dias de co-autor
Moraes, Gladstone Peixoto
Moraes, Luiz Flavio Ribeiro de
Moraes, Marcio Eiras
Moraes, Marco Antonio Schreiner
Moraes, Marcos Balckau de
Moraes, Marcos Francisco Bueno de
Moraes, Pedro Milton de
Morais Neto, Joao Marinho de
Morais, Erica Tavares de
Morais, Rute Maria Oliveira de
Morales, Iupanque Vinicius Ferreira
Morand, Mauro Ribeiro
Moreira, Andrea Cristina de Castro Araujo
Moreira, Clovis Augusto de Amorim
Moreira, Daniel Leite
Moreira, Fernando Afonso
Moreira, Jobel Lourenco Pinheiro
Moreira, Luiz Fernando Bandeira
Moreira, Paulo Alexandre da Fonseca
Moreto, Laercio
Morgado Junior, Edisson
Mossinger, Alan
Mota, Vicente Olavo
Motta Filho, Brenno Romano
Motta, Eduardo Ponce da
Motta, Fernando Malheiros Roxo da
Motta, Mauro Eduardo Granja da
Mottin, Antonio Paulo
Moura, Claudio Octavio de
Moura, Elton Saturnino Campos de
Moura, Eulina Maria de
Moura, Jose Edson de
Mourelle, Marcio Martins
Moyses, Danuza Nogueira
Munis, Marcos de Barros
Munk, Marcel
Murakami, Celso Yoshihito
Murta, Marcelo de Sousa
Mussi Junior, Nelson Haj
Mussi, Carlos Augusto Ramos
Nacul, Evandro Correa
Nakagawa, Edson Yoshihito
Nakashima, Celso Yukio
Nardelli, Tarcizio
Nascimento, Jose Antonio Pereira do
Nascimento, Leo Romao
Nascimento, Miriam Cunha do
Nascimento, Newton Figueiredo do
Naveira, Vanessa Palma
Nazareth, Renato Jose Goncalves
Negrao, Alvaro Felippe
Negrao, Domingos Savio de Oliveira
Negreiros, Jose Henrique de Castro
Nepomuceno Filho, Francisco
Nery, Ricardo Martins
Netto, Antonio Sergio Teixeira
Neumann, Bruna
Neumann, Luis Fernando
Neves, Carlos Alberto de Oliveira
Neves, Fernando Antonio Pereira da Silveira
Neves, Marcus Vinicius da Silva
Neves, Paulo Roberto Barreiros
Nikolaou, Lefteris Nicolas
Nobrega, Aloisio Felix da
Nobrega, Marcos Roberto
Nobrega, Mirnis Araujo da
Nogueira Junior, Laudemiro
Nogueira, Danielle Teixeira
Nogueira, Elisabete Thomaselli
Nogueira, Elizabeth Rodrigues
Nogueira, Emmanuel Franco
Nogueira, Leonardo
Nogueira, Mauro Gerson Rosas
Nogueira, Paulo Fernando Pereira
Nolla, Frederico Ramalho
Novaes, Eder Garcia Caetano
Novaes, Roberto Jose Silva
Novais, Luiz Carlos Chaves
Nunes, Giovani Cavalcanti
Nunes, Ildemar Pinto
Oazen, Eduardo Valente
Ohara, Shiniti
Okada, Airton Hiroshi
Okada, Ricardo Yoshinori
Okahara, Margarida Mitiko
Oliveira, Adelson Santos de
Oliveira, Alice Fernandes de
Oliveira, Antonio de Padua Albuquerque
Oliveira, Carlos Alberto Pereira de
Oliveira, Carlos Mauricio Monnerat de
Oliveira, Cristiano Levone
Oliveira, Diego Felipe Barbosa de
Oliveira, Diogenes Custodio de
Oliveira, Eduardo
Oliveira, Eduardo Augusto Puntel de
Oliveira, Eduardo Roemers de
Oliveira, Elcio Cruz de
Oliveira, Flaviano Leite de
Oliveira, Flavio Miranda de
Oliveira, Galileu Paulo Henke Alves de
Oliveira, Iracema Aparecida Suassuna de
Oliveira, Irapuan Quadros de
Oliveira, Israel Gomes de
Oliveira, Janio Roberto Paiva de
Oliveira, Joao Luiz Pessoa de
Oliveira, Leandro Fonseca de
Oliveira, Leonardo Costa de
Oliveira, Luis Otavio Aguiar
Oliveira, Luiz Carlos Veiga de
Oliveira, Marcelo Lopes de
Oliveira, Marcia Cristina Khalil de
Oliveira, Maria Jose Resende
Oliveira, Maria Michelini Medeiros de
Oliveira, Mauricio de Paula
Oliveira, Mauricio Figueiredo de
Oliveira, Mauro Costa de
Oliveira, Paulo Roberto de
Oliveira, Ricardo de
Oliveira, Ricardo Luis Sampaio
Oliveira, Rildo Marcio de
Oliveira, Roberto Carlos Goncalves de
Oliveira, Vandemir Ferreira de
Oliveira, Wilson Jose de
Oppenheimer, Marli
Oreiro, Sergio Goulart
Oreiro, Sergio Goulart co-autor
Orenstein, Oscar Armando
Pacheco, Carlos Roberto Nogueira
Pacheco, Marcelo Edral
Pacheco, Mauricio Gomes
Padua, Kleber Galvao de Oliveira
Paganelli, Leopoldo Machado
Pagnin, Sergio
Pagot, Paulo Roberto
Paiva, Geraldo Jose da Matta
Paiva, Ronaldo Oliveira de
Palagi, Cesar Luiz
Palermo, Luiz Antonio Canelas
Papaleo, Arnaldo
Paraizo, Paulo Lopes Brandao
Paredes, Ramon Sigifredo Cortes
Parellada, Alonso Lluesma
Parente, Cristiano Leite
Parente, Jose Tupinamba Mont'Alverne
Paschoalin, Roberto
Passos, Douglas de Oliveira
Pato, Sergio Luiz Moraes co-autor
Patricio Junior, Nelson
Patricio, Antonio Rodrigues
Paula, Armando Luiz de
Paula, Jorge de
Paula, Jose Luiz de
Paula, Lemuel de
Paula, Osni Bastos de
Paulo, Cezar Augusto Silva
Paulo, Luiz Alberto de Brito Fernandes
Paumer, Max Lutz
Pavie, Georges Francois da Silva
Pedreira, Java Atayde
Pedrosa Filho, Eugenio de Luna
Pedrosa Junior, Oswaldo Antunes
Pedroso Junior, Carlos
Pedroti, Manoel Luis Monteiro
Pegado, Monique Moreira
Peixoto Filho, Flavio Tito
Peixoto, Paulo Rogerio Pereira
Peixoto, Plauto Porto
Pellegrino, Paulo Eduardo Mota
Penna, Diogo Eduardo Pasqual
Penna, Monica de Oliveira
Penteado, Henrique Luiz de Barros
Pequeno, Monica Alves
Peraro, Antonio Admilson
Pereira, Adauto Carneiro
Pereira, Alexandre da Costa
Pereira, Almerinda Maria de Araujo
Pereira, Ana Claudia Fortes Bethencourt
Pereira, Ana Maria Ventura das Chagas
Pereira, Andre Gustavo Teixeira de Carvalho
Pereira, Carlos Augusto Frazao
Pereira, Cesar Augusto Guimaraes
Pereira, Cristiane Salgado
Pereira, Dilza Taranto
Pereira, Elton Luiz da Silva
Pereira, Fabio Luis Gomes
Pereira, Giorgio Moises de Oliveira
Pereira, Juliana Severo Fagundes
Pereira, Katia da Silva
Pereira, Leticia Severo Fagundes
Pereira, Ludmila Maria Perez de Barros
Pereira, Luis Fernando Pfeil Gomes
Pereira, Luiz Octavio Vieira
Pereira, Marcio Jose
Pereira, Mariana de Azevedo
Pereira, Mario Cesar da Silva
Pereira, Patrick Paquelet
Pereira, Paulo Roberto dos Santos
Pereira, Rafael Merenda
Pereira, Roberto
Pereira, Rosana Cardoso Lopes
Pereira, Vitor Dias
Peres , Augusto Cesar de Carvalho
Peres, Alvaro Marcello Marco
Peres, Antonio Luiz
Peres, Wagner Elias
Perez, Jose Manuel Gonzalez Tubio
Perisse, Nilson Barbosa
Perlingeiro, Firmiano Ramos
Perroni, Rosely Barroso
Perrota, Patricia Freire Iorio
Persson, Mariruth de Mello
Pessanha, Mauricio Longo Braz
Pessoa Neto, Otaviano da Cruz
Pessoa, Jonilton
Pessoa, Luciano Montenegro da Cunha
Pestilho, Andre Luiz Silva
Petch, Moacir
Petkovic, Marco Antonio Ladislau
Piauilino, Pedro Orlando Vasconcelos
Piazza Junior, Walter Fernando
Piazza, Idelso Antonio
Picarelli, Andre Tonetto
Pimenta, Gladston Francisco Paolucci
Pimenta, Gutemberg de Souza
Pimenta, Luciana Bispo
Pimentel, Claudio
Pimentel, Marcia de Barros
Pinheiro Neto, Vicente
Pinheiro, Alexandre Silva
Pinheiro, Jose Carlos Alves
Pinheiro, Jose Eduardo Ferrer
Pinheiro, Nathalie Carvalho
Pinheiro, Silvio Sinedino
Pinho, Celso Roberto de Aguillar
Pinho, Gustavo de Carvalho
Pinto, Antonio Carlos Capeleiro
Pinto, Claudio da Costa
Pinto, Cleison Antonio
Pinto, Fabio de Almeida
Pinto, Luiz Andre Goncalves
Pinto, Mariane Ferreira
Pinto, Paulo Eustaquio Duarte
Pinto, Rafael Gustavo da Cunha Pereira
Pinto, Renato Spindola de Miranda
Pinto, Ricardo Augusto Martinez
Pinto, Ricardo Rodrigues da Cunha
Pinto, Victor Hugo Guimaraes
Pires, Adolfo Puime
Pires, Jose Antonio Pinheiro
Pires, Luis Carlos Gomes
Pires, Paulo Roberto da Motta
Pitombo, Nilton Emanuel Santos
Pizarro, Jorge Oscar de Sant'Anna
Pizzol, Rosa Amelia
Placido, Joao Carlos Ribeiro
Plavnik, Benjamim
Plawiak, Rafael Andre Belotto
Poletto, Carlos Alberto
Polillo Filho, Adolfo
Pontes, Carlos Eduardo da Silva
Pope, Alexandre Meirelles
Porciuncula Junior, Antonio Alves
Porsani, Jorge Luis
Porsani, Milton Jose
Portela Filho, Carlos Vieira
Portella, Ricardo Cunha Mattos
Porto Alegre, Henrique Krahenbuhl
Possobon, Rodrigo Zapelini
Praca, Uyara Mundim
Prada Junior, Antonio Fernandez
Prado, Aloisio de Souza
Prado, Mauricio Gargaglione
Prais, Fabio
Preda, Wagner Nogueira
Prestrelo, Ranilson Coutinho
Provenzano, Bruno Andrade
Prucole, Elisia dos Santos
Quadros, Luiz Padilha
Quadros, Luiz Padilha de
Quaresma, Marcos Cardoso
Queen, Maria Andrea Sampaio
Queiroz Filho, Anibal
Queiroz Junior, Durval Vilar de
Queiroz Neto, Joao Crisosthomo de
Queiroz, Norcirio Pantoja
Quinteiro, Carlos Roberto
Quiroga, Marcelo Humberto Vasconcelos
Rabaco, Lis Maria Leoni
Rabello, Carlos Rene Klotz
Rabello, Jose Mauricio Barbosa
Rabelo, Rubens de Almeida
Rabinovitz, Andre
Radespiel, Eduardo dos Santos
Ragagnin, Gilberto Machado
Ramalho Junior, Alfredo
Ramalho, Joao Batista Vianey da Silva
Ramis, Marcelo Eduardo Spessatto
Ramos Filho, Americo da Costa
Ramos Filho, Fernando Bezerra
Ramos, Abdias Fernandez
Ramos, Alexandre Carlos Brandao
Ramos, Antonio Carlos Buginga
Ramos, Eduardo Moreira
Ramos, Marcelo da Silva
Ramos, Marcio Azevedo
Ramos, Ramiro de Avila
Rangel, Hamilton Duncan
Rapozo, Fabio Luis
Rawet, Raul
Rebelo, Paulo Antonio de Paiva
Rechelo Neto, Carlos Alberto
Regis, Cicero Roberto Texeira
Reis, Antonio Carlos Martins
Reis, Bruno Pinho dos
Reis, Jose Heleno Junqueira
Reis, Leandro Costa
Renz, Sandro Ricardo
Repsold Junior, Hugo
Resende Neto, Antonio Vieira de
Resende, Heber Viana de
Rezende, Christiane
Rezende, Ivan Cesar Lobo
Rezende, Jose Carlos Faustini de
Ribeiro Junior, Nier Maciel da Silva
Ribeiro, Alcione Chagas
Ribeiro, Claudia Maria Soares
Ribeiro, Elton Jorge Braganca
Ribeiro, Geraldo Afonso Spinelli Martins
Ribeiro, Giovanni de Castro
Ribeiro, Hamilton Romanato
Ribeiro, Jonatas
Ribeiro, Marcos Pellegrini
Ribeiro, Marcus Moacyr Penha
Ribeiro, Priscila Magalhaes
Ribeiro, Raydivaldo Jose de Lima
Ribeiro, Vinicius Farias
Ribeiro, Wlamir
Rinaldi, Fernando da Silveira Bulcao
Rizzo, Jose Guimaraes
Rocha, Anderson Fabiano Santana
Rocha, Bianca Erica de Oliveira
Rocha, Daniele Cristine
Rocha, Djalene Maria
Rocha, Joao Maria da
Rocha, Luiz Alberto Santos
Rocha, Marcelo Schultz da
Rocha, Nelson de Oliveira
Rocha, Paulo Sergio de Mello Vieira
Rocha, Pedro Paulo Forain
Rocha, Rafael Brandao
Rocha, Roger
Rocha, Ygor dos Santos
Rodarte, Joao Bosco Monteiro
Rodrigues Filho, Arlindo
Rodrigues, Amilson Rangel
Rodrigues, Augusto de Barros
Rodrigues, Bianca Wanderley
Rodrigues, Carlos Rogerio Oliveira
Rodrigues, Clovis Ribeiro
Rodrigues, Eduardo Borges
Rodrigues, Fernando da Silva
Rodrigues, Francisco Davi Belo
Rodrigues, Hendy Tisserant
Rodrigues, Luis Glauber
Rodrigues, Rene
Rodrigues, Thiago Dias
Rodrigues, Valdo Ferreira
Rodrigues, William Senna
Rodriguez Ortiz, Jorge Darlan
Rodriguez y Rodriguez, Martius Vicente
Rodriguez, Monica Rebelo
Rodriguez-Suarez, Carlos
Romeu, Regis Kruel
Roncolatto, Rodolfo Eugenio
Ronze, Petronilia Carneiro
Roque, Arnaldo
Roriz, Carlos Eduardo Dias
Rosa Filho, Jose Carlos
Rosa, Ana Lucia Zucatti da
Rosa, Anabela Porto
Rosa, Andre Luiz Romanelli
Rosa, Henrique
Rosa, Katia Regina Silva Alves da
Rosa, Maria de Fatima Ocani
Rosalba, Jose Fernando
Rosario, Francisca Ferreira do
Rosas, Maria Marta de Castro
Rosolen, Marcos Antonio
Rosseto, Joao Adolfo
Rossetti, Dilce de Fatima
Rossetti, Enio Luiz
Rossi, Fabio Leandro
Rossi, Nery Vicente Milani de
Rostirolla, Sidnei Pires
Roveri, Francisco Edward
Ruella, Nildemar Correa
Ruivo, Daniel da Silva
Russo, Enio Emanuel Ramos
Sa Neto, Abelardo de
Sa, Carlos Henrique Marques de
Sa, Fagner Geovani de
Sa, Osvaldo Antonio Rodrigues de
Sa, Ricardo Luiz Paes de
Sa, Thomaz Jefferson Mafra de
Sabino, Joao Marcos
Saito, Marcos Hiroshi
Salies, Jacques Braile
Salles, Rogerio Pimentel
Salles, Washington Luiz Faria
Salomao, Marcelo Curzio
Salvadoretti, Paulo
Salvedo, Matheus
Sampaio Junior, Jorge Hygino Braga
Sampaio, Luciana Leal
Sampaio, Ricardo Fonseca
Sanguinetti, Yvonne T.
Sanjines, Antonio Enrique Sayao
Sansonowski, Rui Cesar
Santa Anna, Lidia Maria Melo
Santana, Ana Paula Silva Conceicao de
Santana, Andre Felipe Lemos
Santarem, Jorge Lucio Basto
Santiago, Jose Mario
Santos Filho, Rangel Borges dos
Santos Junior, Artur Rocha dos
Santos Junior, Assis Francisco dos
Santos Junior, Douglas dos
Santos Junior, Jorge Souza dos
Santos Neto, Eugenio Vaz dos
Santos, Adriano Gomes dos
Santos, Alvaro Mauricio Bertho dos
Santos, Ana Carlota Belizario dos
Santos, Angelo Francisco dos
Santos, Antonio Luiz Fernandes dos
Santos, Aymar da Silva
Santos, Claudia Zangaro dos
Santos, Claudio Fonseca Machado dos
Santos, Clovis Francisco
Santos, David Ferreira Lopes
Santos, Edson Feitosa dos
Santos, Erick Slis Raggio
Santos, Erico Almeida
Santos, Fernando Jose Parente Neiva
Santos, Flavio Marcelo Risuenho dos
Santos, Geraldo de Oliveira
Santos, Helio Ricardo da Fonseca
Santos, Helio Tadeu Martins dos
Santos, Hugo Francisco Lisboa
Santos, Ismael Humberto Ferreira dos
Santos, Ismar Simoes dos
Santos, Joao Paulo Pessoa dos
Santos, Joao Roberto Simoes Bezerra dos
Santos, Jose Altamiro Carrilho Mota dos co-autor
Santos, Jose Augusto Martins dos
Santos, Joselito da Silva
Santos, Leonardo Meneses
Santos, Luciana Rego Monteiro dos
Santos, Luiz Alberto
Santos, Luiz Otavio Schmall dos
Santos, Marcos Antonio dos
Santos, Marcos Sebastiao dos
Santos, Maria de Fatima Pereira dos
Santos, Marisa Bueno dos
Santos, Marlova Goncalves dos
Santos, Nancy Gomes dos
Santos, Odilanei Morais dos
Santos, Otto Luiz Alcantara
Santos, Paulo Fernando Almeida dos
Santos, Raimundo Nonato Bahiense dos
Santos, Rodrigo Alves dos
Santos, Rogerio de Araujo
Santos, Rogerio Nicolau dos
Santos, Rogerio Silva dos
Santos, Sergio Luiz Silvestre dos
Santos, Thomas Edson Cordeiro dos
Santos, Valdemberg Antonio Araujo dos
Santos, Victor Antonio de Souza
Santos, Walter Luiz Brito dos
Sartorato, Ana Carolina Leonel
Sartori Neto, Angelo
Sarzenski, Darci Jose
Sato, Mario Yoshio
Sattamini, Suzana Rastelli
Sauerbronn, Jose Luiz Bampa
Savini, Ricardo Rodrigues
Sayd, Alexandre Dutra
Scarton, Julio Cesar
Schiavolin, Magno
Schiochet, Andre Fernando
Schmall, Vicente Hermogerio
Schmidt, Jurandyr
Schmitt, William Frederic
Schots, Heron Antonio
Scuta, Maximiano da Silva
Seabra, Paulo Negrais Carneiro
Sebok, Carlo de Faria
Secron, Marcelo Bernardes
Segundo, Edmilson Almeida de Assis
Sei Filho, Achiles
Seixas, Eduardo
Seixas, Maria Augusta de Castro
Seixas, Ney Avelino Barbosa
Serfaty, Ricardo
Serra Seca, Izabel Cristina Guimaraes
Serra, Kelsen Valente
Serta, Otavio Borges
Serva, Gelson Baptista
Sessegolo, Luis Augusto Furian
Setubal, Geraldino Queiroz
Severino, Maria do Carmo Garcia
Shecaira, Farid Salomao
Shimabukuro, Seirin
Shimada, Lucio Mitio
Sidrim, Fernando Antonio Costa
Siebra, Jose Luciano de Brito
Signorini, Mario
Silva Filho, Everaldo C.
Silva Filho, Hermes Gomes da
Silva Filho, Jose Alberto Pinheiro da co-autor
Silva Junior, Jose Maria Ferreira da
Silva Junior, Manoel Feliciano da
Silva, Adelbaldo de Oliveira
Silva, Adelbaldo de Oliveira co-autor
Silva, Adriana Perpetuo Socorro da
Silva, Agliberto Pessoa da
Silva, Agostinho da Mota Robalinho da
Silva, Aline Theophilo
Silva, Antonio Lopes da
Silva, Arlindo da Costa e
Silva, Arthur Jose Gerbasi da
Silva, Bernardete Ferreira da
Silva, Braulio Oliveira
Silva, Candido Luiz Queiroz da
Silva, Carlos Eduardo Vieira da
Silva, Carlos Fernando Pinto Machado e
Silva, Carlos Manuel de Assis
Silva, Carmen Lucia Tavares da
Silva, Celso Tarcisio de Souza
Silva, Cristiane Xavier da
Silva, Daniel Fonseca de Carvalho e
Silva, Daniele Magalhaes de Carvalho
Silva, Dayana Nunes e
Silva, Denis Albuquerque Moreira da
Silva, Diogo Rodrigues Andrade da
Silva, Diomedes Cesario da
Silva, Eduardo Amorim da
Silva, Eduardo Fernandes Castanheira da
Silva, Eduardo Filpo Ferreira da
Silva, Eduardo Jose Bezerra da
Silva, Eduardo Miguel G. Nogueira da
Silva, Fabiana Dias da
Silva, Fabricio Soares da
Silva, Fernando Barbosa da
Silva, Gabriel dos Santos
Silva, Gabriel Henrique da
Silva, Gilson Gomes da
Silva, Glauco Braganca Dias da
Silva, Hamilton Pereira da
Silva, Helmitom Aparecido da
Silva, Henrique Ventura da
Silva, Hercules Tadeu Ferreira da
Silva, Ivanildo de Almeida
Silva, Jarbas dos Santos
Silva, Jose Alberto Avelino da
Silva, Jose Andre Cavalcanti da
Silva, Jose Fernando de Souza
Silva, Jose Guilherme Rodrigues da
Silva, Kleber Jose Abrahao Porto
Silva, Lidia Barreto da
Silva, Luciana Poli
Silva, Luis Carlos Ferreira da
Silva, Manoel Murilo
Silva, Marcia Ida de Oliveira
Silva, Marcos Cesar da
Silva, Maria Adelaide Bernardini Basto da
Silva, Maria Augusta Martins da
Silva, Maria Lucia de Fatima e
Silva, Mariana de Andrade
Silva, Maylton Freitas da
Silva, Neilon de Souza da
Silva, Orlandemberg Pereira
Silva, Osvaldo Braga da
Silva, Paulo Cesar Romeiro
Silva, Paulo Cezar Santarem da
Silva, Paulo Roberto Araujo da
Silva, Paulo Sergio e
Silva, Renato Marques Correa da
Silva, Reneu Rodrigues da
Silva, Ricardo Henrique da
Silva, Roberto Correa Ferreira da
Silva, Roberto Rosa da
Silva, Rodrigo Cabral da
Silva, Rogerio Alexandre Francisco da
Silva, Rui Pinheiro
Silva, Sandra Penna de Carvalho
Silva, Sergio Balthar Pereira da
Silva, Sergio Jose Goncalves e
Silva, Sergio Lima da
Silva, Sidney Jose Honorio da
Silva, Sylvio Henrique Sa Correa da
Silva, Vania Lucia de Araujo Monte
Silva, Waldemir Ferreira da
Silva, Yaro Moises Parizek
Silveira, Desiderio Pires
Silveira, Dierci Marcio Cunha da
Silveira, Rosangela
Silveira, Thiago Martins
Simao, Cristina Aiex
Simoes Filho, Ivan de Araujo
Simoes Filho, Salvador
Simoes, Gustavo Jose
Simoes, Joao Carlos Pinto co-autor
Simplicio, Jalimar Guimaraes
Siqueira, Alexandre Guedes de
Siqueira, Danielle Valadares
Siqueira, Gilson de Paiva
Siqueira, Luiz Gustavo Primo
Siston, Paulo Roberto Porto
Slobodcicov, Ivan
Soares Filho, Djalma Manoel
Soares, Carlos Moreira
Soares, Diego de Brito
Soares, Jose Agnelo
Soares, Luiz Camilo Nogueira
Soares, Rogerio Marcos Ferreira
Sobral, Marcos Moreira de Xerez
Sobreira, Jorge Fiori Fernandes
Soibelman, Helio Jose
Solano, Rafael Familiar
Solino, Maria de Nazareth da Fonseca
Sombra, Cristiano Leite
Sonoki, Newton Takahiro
Sousa, Dione Alves de
Sousa, Reinaldo Ferreira de
Souto Filho, Joao de Deus
Souto, Joao Jose de Nora
Souza Cruz, Carlos Emanoel de
Souza Filho, Byron Goncalves de
Souza Filho, Elias Jacinto de
Souza Filho, Nelson Otavio
Souza Junior, Jose Cleodon de
Souza Junior, Olinto Gomes de
Souza, Adeslea Castro de
Souza, Antonio Goes Camelier de
Souza, Antonio Luiz Serra de
Souza, Arlan Lucas de
Souza, Arlindo Antonio de
Souza, Carlos Henrique de
Souza, Carlos Roberto Neves de
Souza, Cleomar Fernandes de
Souza, Edson Jose Joaquim de
Souza, Fernando Jose Brasil de
Souza, Geraldo Martins
Souza, Gina Claudia Nadal Nunes de
Souza, Hercules de
Souza, Jairo Marcondes de
Souza, Joao Ferreira Bezerra de
Souza, Jose Adauto de
Souza, Jose Alberto Porto de
Souza, Lucia Helena Noanta de
Souza, Luiz Antonio Lobianco e
Souza, Maria do Socorro de
Souza, Milton Jose de
Souza, Murilo Marroquim de
Souza, Nelson Paiva Raulino de
Souza, Orlando Tadeu Lima de
Souza, Paulo Penha de
Souza, Ricardo Estefany Aquino de
Souza, Ricardo Jose Faustino de
Souza, Rodrigo Gris de
Souza, Rogerio Schiffer de
Souza, Wladmir Ferraz de
Spadini, Adali Ricardo
Spigolon, Andre Luiz Durante
Spredemann, Ricardo
Steagall, Daniel Escobar
Stelling, Glenda Rangel Rodrigues
Stica, Juliano Magalhaes
Stinguel, Doney Corteletti
Strohschoen Junior, Oscar
Strugale, Michael
Sugaya, Marcos de Freitas
Syrio, Julio Cesar
Szatmari, Peter
Tabim, Pedro Mattos
Tagliari, Claudio Vinicius
Tagliari, Marilan Ricardo
Taliule Junior, Vivaldo
Tatagiba, Davi Correa
Tavares Filho, Mario Viana
Tavares, Marcos Augusto Silva
Tavares, Mario Jose Dias
Tavares, Pedro Lemos
Tavora, Sergio Pereira
Tedeschi, Leonardo Ribeiro
Teixeira, Adriana
Teixeira, Antonio Bernardo Rebelo
Teixeira, Barbara Morais Nascimento
Teixeira, Joao Luiz da Cunha
Teixeira, Marcus Vinicius Duarte
Teixeira, Renata Cristina
Teixeira, Sylvia Correa dos Santos
Teixeira, Wanda Santos
Teles, Telesson Neves
Telles Junior, Augusto Carlos da Silva
Tentilhao, Helio da Rocha
Terres, Luciano Damiani
Thedy, Edgar Ambrosini
Thedy, Fernanda Amorim de Castro
Theodoro, Carlos Eduardo
Thomas, Jose Eduardo
Tinoco, Ediberto Bastos
Tinoco, Francisco Lopes
Toledo, Marco Antonio Santiago
Tonial, Ilonir Antonio
Tonietto, Gisele Birman
Tonietto, Sandra Nelis
Tonini, Regina Santos Silva
Torggler, Bianca Felippe
Torres, Admilson Moreira
Torres, Ana Lucia Fernandes Lima
Torres, Fernando Gomes da Silva
Torres, Flavio Ramos
Torres, Ronaldo Chaves
Touma, Silvia Lima
Trein Jr., Ernani Affonso
Triandopolis Junior, Jorge
Trindade, Luiz Antonio Freitas
Tristao, Maria Luiza Braganca
Trzaskos, Barbara
Tschiedel, Flavio Eduardo
Tsujimoto, Carlos Yuiti
Uzeda, Diego Cunha de
Valdez, Marcia Mussi Maya
Vale, Jose Eduardo Ferraz Ribeiro do
Valenca, Roberto Moreira
Valenzuela, Ernesto Daniel Chiang
Valim, Leandro Saraiva
Van Der Ven, Paulus Hendrikus
Varela, Carlos Lopo
Varella, Luiz Eduardo Seabra
Vargas, Joao Jeunon de Sousa
Vasconcellos, Dabylson Victor Farias
Vasconcelos, Eugenio Parceli
Vasquez, Angela Cristina Romero
Vaz, Celio Eduardo Martins
Vaz, Juliana Casaccia
Vaz, Pekim Tenorio
Vaz, Rodrigo Bezerra
Veiga, Isa Guimaraes
Veiga, Leticia Falcao
Velloso, Nelson Saback
Veloso, Gustavo Zimbardi
Veneza, Joao Paulo Sacramento de
Verges, Afonso Santos
Vergueiro, Rodrigo Heleno
Vesely, Fernando Farias
Viana, Adriano Roessler
Viana, Rodolfo Tenorio
Vianna, Flavio Luiz Vaz
Vianna, Ruth de Oliveira
Vicentini, Pedro Caffaro
Victor, Rodolfo Araujo
Vidal, Jose Luiz Arias
Vidal, Jose Oliveira
Videiro, Paulo Mauricio
Vieira, Andre Luiz da Costa
Vieira, Davi Ricardo Leao
Vieira, Elenir Honorato
Vieira, Ines Santos
Vieira, Magda Martins
Vieira, Marcela Marques
Vieira, Paulo Ernesto
Vieira, Pedro Armando
Vieira, Roberto Adelar Bonora
Vilanova, Rodrigo Carvalho Nogueira
Vilasboas, Jose Marcilio Ladeia
Vilhena, Carlos Jose Carneiro de
Waisman, Georges
Wajngarten, Alberto
Wanderley Filho, Joaquim Ribeiro
Wanderley, Ana Valeria Medeiros
Wanderley, Luciana Goncalves
Wang, Hui Ming
Wassersten, Juarez Vaz
Wilbert, Almiro
Winter, Wilson Rubem
Wolff, Breno
Xavier, Evandro de Mello
Xavier, Jose Luiz Luna
Ximenes, Vitor Loureiro
Yamada, Tomas Shinobu
Zago, Neiva Terezinha
Zalan, Pedro Victor
Zambonato, Eveline Ellen
Zandona, Altair Jose
Zdebsky, Suzana Rechenberg
Zonenschein, Tania Maria Moraes
Zotin, Jose Luiz
Zumpano Junior, Petronio
